Charlynne Pullen	4838	charlynnepullen	53	65718
Nadine Dorries	731	NadineDorriesMP	52	65718
Nigel Wicken	5082	NigelWickens	85	65718
Helen Ceri Clarke	4561	helenceri	90	66101
Stephen Kinnock	4252	SKinnock	53	66101
Ginnie Shaw	4983		63	66037
Mary Wimbury	4253	MaryWimbury	53	66085
Dafydd Meurig	4575	dafyddmeurig	77	66085
Richard Baker	4254	votebaker2015	53	14398
Anne Begg	885	annebegg	53	14399
Ross Thomson	2865	RossThomsonTory	52	14399
Pamela Nash	2073	pamela_nash	53	14400
Gerald Howarth	3438	geraldhowarth	52	65730
Gary Puffett	4576	gary_puffett	53	65730
William (Bill) Walker	4577	billwalkeruk	85	65730
Paul White	4578	paulwhiteb43	85	65773
Jane Brophy	1432	Cllr_JaneBrophy	90	65892
Mark Tami	688	MarkTamiMP	53	66103
Blair Smillie	4580	blairsmillie	85	66103
Laura Knightly	4153	lauraknightly	52	66103
Tudor Jones	5359	JTudorJones	90	66103
Nigel Mills	1016	NigelMillsMP	52	65809
Derek Wann	4906	wannforangus	52	14401
Sanjay Samani	2289	ssamani	90	14401
Gerard McMahon	5059	gerardmcmahon86	53	14401
Alun Pugh	2284	Alun_Pugh	53	66108
Caroline Santos	4851	Casumptious	85	14402
Mary Galbraith	718	Mary_Galbraith	53	14402
Mike Buchanan	4712	mikebuchanan11	2034	65895
Jason Zadrozny	3232	jzadrozny	90	65895
Angela Rayner	5189	AngelaRayner	53	66056
Chris Adams	4097	_Chris_Adams	85	65739
Victoria Prentis	4907	VictoriaPrentis	52	66008
Dickie Bird	4908	DickieUKIP	85	66008
Sean Woodcock	4258	SEANLWOODCOCK	53	66008
Ian Middleton	5126	IanMiddletonX	63	66008
Dan Jarvis	5266	DanJarvisMP	53	65665
Simon Fell	5174	simonfell	52	66006
John Woodcock	1813	JWoodcockMP	53	66006
Gavin Callaghan	4259	Callaghan2015	53	65898
George Konstantinidis	5368	georgekonukip	85	65898
Leon Duveen	4476	LD4Bassetlaw	90	65711
Ben Howlett	4156	ben4bath	52	65798
Steve Bradley	4477	Bradley_Steve	90	65798
Julian Deverell	4862	JulianDeverell	85	65798
Oliver Middleton	4261	Ollie_Middleton	53	65798
Dominic Tristram	4707	dominictristram	63	65798
Jo Cox	4262	Jo_Cox1	53	65751
Imtiaz Ameen	5081	imtiazameen	52	65751
Will Martindale	4263	WillJMartindale	53	65731
Chris Howe	4670	chris_howe_batt	85	65731
Dave Hampton	4904	carboncoach	63	65687
Paul Tew	5143	paultewukip	85	65725
Patrick Hall	2466	patrickhall4mp	53	65561
Mahmud Henry Rogers	4478	MahmudHenryR	90	65561
Charlie Smith	4816	charlie_ukip	85	65561
Gavin Robinson	4595	grobinsondup	70	66124
Naomi Long	2454	naomi_long	103	66124
Paula Bradshaw	1679	paulajaneb	103	66126
Neil Coyle	4264	coyleneil	53	65689
Jean-Paul Floru	5412	jpfloru	52	65689
Anne-Marie Trevelyan	189	annietrev	52	65726
Julie Pörksen	4479	JuliePorksen	90	65726
John Lamont	141	John2Win	52	14405
Alistair Polson	4752	AlistairPolson	63	65853
Matthew Smith	4157	Matt4BGandB	52	65853
Rachel Sadler	4480	RachSadlerTW	90	65845
Geoffrey Bastin	5002	Geoffbastin	85	65845
Huw Merriman	4703	HuwMerriman	52	65845
Stefano Borella	4267	StefBorella	53	65611
Stella Gardiner	5101	GreenStell	63	65611
Chris Attard	5129	chrisukip	85	65611
Lee Dargue	4821	leedargue	90	65931
James Bird	5369	James_Bird_	52	65597
Kieran Mullan	4159	kieranmullanuk	52	66072
Isabel Sigmac	4160	IsabelSigmac	52	65989
Keith Rowe	4854	KeithRoweUKIP	85	65966
Rachel Maclean	4161	rachelmaclean3	52	65966
Steve Haynes	5360	centreradical	90	65966
Charlotte Hodivala	5083	ch4pb	52	66028
Steven Brookes	4605	stevenjbrookes	85	65804
Alex Boulter	4604	alex_boulter	52	65804
Colin Green	4481	ColinGreenLD	90	65804
Jess Phillips	4268	jessphillips	53	65707
Thom Robinson	4624	robinsonthom	63	65820
Kate Hollern	4269	CllrKate	53	65981
Dayle Taylor	4999	dayle_taylor	85	65981
Sam Rushworth	4270	SamJRushworth	53	65750
Steffan Lewis	2375	steffanlewis	77	66093
Francis Oppler	4482	francisoppler	90	65841
Peter Bedford	5049	PeterABedford	52	65628
James Daly	4163	cllrjamesdaly	52	65646
Chris Green	4164	chris11green	52	65738
Robin Hunter-Clarke	4710	cllrrobinhc	85	65969
Paul Kenny	391	paul_r_kenny	53	65969
Lyn Luxton	4782	lynluxton4mp	733	65969
Chris Kealey	4773	bosworth_rose	53	66071
Michael Mullaney	388	miketmullaney	90	66071
David Sprason	4992	ruraloutback	85	66071
David Stokes	382	dave4bmthwest	53	65933
Conor Burns	2433	Conor_BurnsMP	52	65933
Martin Houlden	5307	martinhoulden	85	65933
Derek Florey	5098	derek_florey	63	65697
David Ward	2061	DavidWardMP	90	65694
Owais Rajput	5418	OwaisRajput3	85	65694
Jason Smith	1469	jasonsmithukip	85	65995
George Galloway	4754	georgegalloway	362	66036
George Grant	4165	GeorgePBGrant	52	66036
Harry Boota	5419	Harry_Boota	85	66036
Malcolm Fincken	4273	MalcolmFincken	53	65670
Paul Jeater	4658	essexwomble	63	65670
Matthew Dorrance	4274	matthewdorrance	53	66088
Roger Williams	1472	RogerWilliamsMP	90	66088
Shahrar Ali	4870	shahrarali	63	66065
Dawn Butler	1474	dawnbutlerbrent	53	66065
Ibrahim Taguri	4483	ibrahimtaguri	90	66065
Luke Parker	5124	luke_r_parker	52	65595
Scott Bartle	4871	mapesburygreen	63	65595
Ruth Cadbury	4275	RuthCadbury	53	65958
Liam Preston	4276	lbpreston	53	65685
James Radcliffe	4699	jradcliffeplaid	77	66095
Meirion Jenkins	3372	meirionj	52	66095
Justine Baker	4484	cllrjaybaker	90	65620
Jacky Crawford	4278	jackycrawford	53	66000
Simon Kirby	900	SimonKirbyMP	52	65844
Davy Jones	4548	davyjones4ktown	63	65844
Matt Taylor	4549	sosleader	578	65844
Nancy Platts	896	Nancy_Platts	53	65844
Caroline Lucas	571	CarolineLucas	63	65787
Purna Sen	4279	Purna_Sen	53	65787
Chris Bowers	1254	chris1bowers	90	65787
Nigel Carter	3724	NigelCarterUKIP	85	65787
Abdul Malik	4485	abdulstweets	90	65839
Darren Jones	553	darrenpjones	53	66009
Charlotte Leslie	1152	CLeslieMP	52	66009
Anne Lemon	5336	annelemonnut	804	66009
Karin Smyth	4280	karinsmyth	53	66031
Isobel Grant	5033	isogrant	52	66031
Darren Hall	4554	darrenhall2015	63	65574
Thangam Debbonaire	4281	tdebbonaire	53	65574
Stephen Williams	1491	swilliamsmp	90	65574
Bob Neill	1023	neill_bob	52	65954
Emmett Jenner	703	Emmett_Jenner	85	65954
Tom Ebbutt	4284	tomebbutt	53	65617
David Kirwan	4791	davegaz	63	65849
Nick Palmer	1565	Nick4Broxtowe	53	65849
Gordon Birtwistle	1534	GBritwistle_MP	90	65846
Jon Wheale	4285	JonWheale	53	65708
James Frith	4286	Frith4BuryNorth	53	66015
Richard Baum	631	richardbaum	90	66015
David Chappell	3511	xdavidchappell	90	66035
Katy Beddoe	4656	katybeddoe	63	66106
Rebecca Newton	4976	becinewton	77	66106
John Erskine	4288	johnerskine	53	14406
Joshua Fenton-Glynn	4289	Joshfg	53	65906
Jenny Shepherd	4980	Jenny4MP	63	65906
Harriet Harman	3885	harrietharman	53	65913
Amelia Womack	4808	amelia_womack	63	65913
Yahaya Kiyingi	5259	yahayakiyingi	90	65913
Prem Goyal	5417	PremGoyal_	2137	65913
Julia Goldsworthy	3887	jgoldsworthy	90	65826
Robert Smith	4706	ukipcrh	85	65826
Michael Foster	4290	MichaelFosterCR	53	65826
Geoff Garbett	5410	ggarbett	63	65826
Daniel Brett	4586	brett4cambridge	2269	65927
Patrick O'Flynn	4587	oflynnmep	85	65927
Julian Huppert	47	JulianHuppert	90	65927
Daniel Zeichner	45	DanielZeichner	53	65927
Rupert Read	4556	GreenRupertRead	63	65927
Chamali Fernando	4171	whereis007	52	65927
Hugh Lanning	4292	Lanning4Labour	53	65878
Stuart Jeffrey	4850	stuartjeffery	63	65878
James Flanagan	5149	JamesCanterbury	90	65878
Jo Stevens	4293	JoStevensLabour	53	66090
Jenny Willott	865	JennyWillott	90	66090
Chris von Ruhland	5330	chrisvonruhland	63	66090
Craig Williams	4173	Craig4CardiffN	52	66120
Mari Williams	4294	Mari_Williams	53	66120
Elin Walker Jones	4968	elinmwj	77	66120
Cadan ap Tomos	5196	CadanapTomos	90	66114
Lee Sherriff	4295	MissLeeCarlisle	53	65929
Fiona Mills	5414	FionaMillsUKIP	85	65929
Calum Higgins	4296	calumhiggins	53	66089
Delyth Evans	4297	delyth_evans	53	66109
Selwyn Runnett	5175	selwynrunnett	90	66109
Bill Main-Ian	4938	bmainian	85	65972
Siobhan Tate	4298	siobhan4candw	53	65972
Tom Brake	3585	thomasbrake	90	65972
Joe Cooke	4299	JoeCookeLabour	53	65914
Lynne Richards	4300	lynne__richards	53	65749
Andy Williamson	4683	bigbuzzard	63	65749
Jack Abbott	4830	90jabbott	53	65748
Gethin James	4697	james_gethin	85	66110
Mike Parker	4974	mikeparkerwales	77	66110
Huw Thomas	4302	huwthomas_wales	53	66110
Mark Williams	15	mark4ceredigion	90	66110
Sean Kelly-Walsh	4303	sean4charnwood	53	65615
Tristan Osborne	4304	cllrtrisosborne	53	66075
Chris Vince	4305	votevince2015	53	65797
Adam Van Coevorden	4609	AdamForGreenMP	63	65946
Julia Cambridge	4487	juliacambridge1	90	65980
Mark Vivis	5102	markvivis	52	65980
Andrew Smith	4486	Andrew_RH_Smith	90	65558
Kathryn Anderson	4713	kaffando	1931	65721
Bilal Mahmood	4306	bilal_cwg	53	65721
Duncan Hames	309	duncanhames	90	65940
Samantha Fletcher	3173	fletcher4Chipp	63	65940
A M Poppy	4876	GreenPartyPoppy	63	65886
Michael Flanagan	5291	mike4chorley	2	65792
Christian Matheson	4831	chris_matheson	53	65734
Stephen Mosley	322	stephen_mosley	52	65734
Roberta Blackman-Woods	319	robertabwmp	53	66021
Rebecca Coulson	4178	rmlcoulson	52	66021
Craig Martin	4488	cmartinLD	90	66021
Jonathan Elmer	4622	Jonathan_Elmer	63	66021
Chris Southall	268	chrisjsuk	63	66030
Douglas Carswell	4665	DouglasCarswell	85	66030
Giles Watling	4179	GilesWatling	52	66030
Tim Young	4312	Tim4Clacton	53	66030
Peter Keith	4313	MrPeterKeith	53	66057
Roy Horobin	5284	RoyHorobin	90	66057
David Nicholls	5105	DavidClwydSouth	52	66121
Marc Jones	4964	marcvjones	77	66100
Jordan Newell	263	jordannewell	53	65926
Mark George Goacher	5001	markgoacher	63	65926
Jane East	4832	labourcv	53	65835
Chas Ball	3830	chas4cv	63	65835
Jason McCartney	3383	JasonMcCartney	52	65835
Darren Price	4833	DPriceLabour	53	65771
Peter Hirst	546	peterhirst9	90	65771
Dave Nellist	851	davenellist	804	65575
Chris Oxlade	2165	chrisoxlade	53	65781
Christopher Brown	5125	chrisbrown_73	85	65781
Richard Lee	4922	CllrRichardLee	85	65572
Gavin Barwell	4881	GavinBarwellMP	52	65603
James Robert Fearnley	4490	jrfearnley	90	65603
Sarah Jones	4316	LabourSJ	53	65603
Peter Staveley	4879	UKIPCroydonCent	85	65603
Winston McKenzie	4666	winstonmck	85	65867
Shasha Khan	4614	greenknight2010	63	65867
Vidhi Mohan	4866	MohanVidhi	52	65867
Steve Reed	5372	SteveReedMP	53	65867
Jon Bigger	4730	campaignbeard	2269	65923
Gill Hickson	5413	GhillyFlower	90	65923
Ann Clwyd	1866	AnnClwyd	53	66105
Jenny Chapman	2001	JennyChapman	53	65802
Peter Cuthbertson	4781	pmcuthbertson	52	65802
Andrew Gwynne	3802	GwynneMP	53	65924
John Charlesworth	4585	derbynukipppc	85	66070
Chris Williamson	373	chriswmp	53	66070
Lucy Care	284	lucycare	90	66070
Andy Botham	4777	Roobotham	53	65799
Benjamin Fearn	4491	libdemben	90	65799
Paula Sherriff	4319	paulasherriff	53	65746
Simon Reevell	1609	simonreevell	52	65746
Guy Aston	5305	guyastonukip	85	65553
Peter Kennedy	5227	PeteKennedyGP	63	65672
Charlie Elphicke	2854	CharlieElphicke	52	65555
Clair Hawkins	4320	ClairHawkins	53	65555
Sarah Smith	4492	SarahDoverDeal	90	65555
Bill Etheridge	4797	BillDudleyNorth	85	65806
Natasha Millward	4321	natashamillward	53	66054
Mike Wood	4687	mikejwood	52	66054
Resham Kotecha	4186	ReshamKotecha	52	65808
Helen Hayes	4322	helenhayes_	53	65808
James Barber	4493	CllrJamesBarber	90	65808
Archie Dryburgh	4323	DryburghArchie	53	14411
Helen Grayshan	4820	HelenGrayshan	130	14412
Lesley Brennan	4324	lesleyeastend	53	14412
Stewart Hosie	1046	StewartHosieMP	102	14412
Craig Duncan	5365	duncandundee	90	14412
Daniel Coleman	5271	ColemanDundee	90	14413
James Reekie	5042	james_reekie1	52	14414
Neil Fairlamb	4187	FairlambN	52	66096
Rupa Huq	4326	rupahuq	53	65755
James Symes	4826	JSymesUK	52	65794
Claire Wright	5123	ClaireWrightInd	2	65813
Amanjit Jhund	3664	amanjit	53	14415
Jo Swinson	108	joswinson	90	14415
Samir Jassal	5254	samirjassal	52	65573
Graham Simpson	4075	cllrgsimpson	52	14416
David Roach	4680	davidroachcouk	52	14417
Jason Rose	5004	greendadtwit	63	14417
David Montgomery	5170	drdavidmonty	52	14418
David Lee	423	whyteleafedavid	90	65856
Carl Walker	4722	carl1545	1931	65780
Tim Macpherson	4834	TimMacpherson	53	65780
Jemima Bland	4494	JemimaBlandLD	90	65780
Mark Maloney	5228	greeneastyorks	63	65979
Jake Lambert	5292	jakeyfellow	53	65714
Mike Thornton	4495	mike4eastleigh	90	65881
Mark Latham	5089	MarkLathamUK	53	65881
James Laing	5006	eddisburylabour	53	65756
James McMordie	5043	JFJMcMordie	52	14419
Peter McColl	5163	petermccoll	130	14419
Sarah Beattie-Smith	4993	SarahBS_27	130	14420
Iain McGill	524	IainMcGill	52	14420
Ian Murray	1116	IanMurrayMP	53	14421
Lindsay Paterson	748	LSPaterson	52	14423
Cammy Day	4328	Cllrcammyday	53	14423
Mike Crockart	4496	CrockartMP	90	14423
Michael Stewart	5286	mstewart_23	102	14423
Gonul Daniels	4702	GonulDaniels	52	65570
Katherine Fletcher	4762	Fletch_1976	52	65991
Veronica King	4330	vron_king	53	65677
Peter Whittle	4936	prwhittle	85	65816
Joan Ryan	2104	joanryanEnfield	53	66050
Gareth Barrett	4689	garethpbarrett	53	66044
Eleanor Laing	3755	EleanorLaingMP	52	66044
Gerard Mark Wadsworth	5395	Mark_Wadsworth	1912	66044
John Thomson	4682	JWZDT	2	65743
Catherine Atkinson	4333	catkinson80	53	65743
Diana Moore	5142	DianaFMoore	63	66033
Karen Whitefield	4334	Karen4Falkirk	53	14424
Miles Grindey	4642	milesgrindey	63	65857
Stuart Rose	5416	StuartR4Fareham	53	65857
Tim Valentine	1453	SwaleGreen	63	65764
Seema Malhotra	4892	seemamalhotra1	53	65655
Simon Nayyar	4891	SimonNayyar	52	65655
Tony Firkins	4890	tfirkins	63	65655
Michelle Gildernew	2427	gildernewmp	39	66130
Tanya Jones	4674	decombustion	305	66130
Adele Ward	4621	adeleward	63	65938
Sarah Sackman	4335	sarahsackman	53	65938
Claire Jeffrey	4835	MrsCJeffrey	53	65779
Lynne Beaumont	2677	lynnebeaumont	90	65779
Martin Whybrow	5147	martinwhybrow	63	65779
Dr Rohen Kapur	5394	Dr_RohenKapur	1912	65779
David Prescott	5135	davidprescott	53	65952
Lee Waters	4902	leewatersukip	85	65551
Stewart McDonald	5173	stewartmcdonald	102	14430
Tommy Ball	4819	tommy_ball	46	14431
Sophy Gardner	4339	sophygardner	53	65996
Jeremy Hilton	1202	jeremy4glos	90	65996
Alex Salmond	4911	alexsalmond	102	14433
Christine Jardine	4499	Cajardine	90	14433
David Coburn	5285	DavidCoburnUKIP	85	14433
Nicholas Boles	3525	NickBolesMP	52	65683
Marc Jones	4845	itsmarcjones	52	65600
Melanie Onn	4846	OnnMel	53	65600
Steve Beasant	5171	stevebeasant	90	65600
Vicky Dunn	4979	VickyDunnGreen	63	65600
Victoria Ayling	411	VAylingUKIP	85	65600
Matthew Pennycook	4343	mtpennycook	53	65837
Richard Wilson	4344	RichardWLabour	53	65838
Kelly-Marie Blundell	4500	KellyMarieLD	90	65838
Harry Aldridge	5079	harryaldridge	85	65838
Amy Gray	4192	hackneyamyg	52	65550
Simon de Deney	4924	simondedeney	90	65550
Diane Abbott	2567	HackneyAbbott	53	65550
Meg Hillier	2563	Meg_HillierMP	53	65752
Jack Tinley	4193	Jack_Tinley	52	65752
Charlotte George	4626	greenscharlotte	63	65752
Ben Mathis	5057	binny_uk	90	65752
Stephanie Peacock	4345	Steph_Peacock	53	65971
Gary Scott	4981	GaryScottHX1	63	65599
Edward Hart	5007	xanderedz77	53	65671
Tulip Siddiq	4346	tulipsiddiq	53	65576
Maajid Nawaz	4502	MaajidLibDem	90	65576
Clive Langley	4763	brisfox	85	65675
Sundip Meghani	4774	Sundip	53	65675
Suzy Stride	4347	Suzy4Harlow	53	65875
Murray Sackwild	5219	mrsacky	63	65875
Shan Oakes	4986	shanoakes	63	65578
Helen Flynn	2813	flynnhc	90	65578
Uma Kumaran	4348	Uma_Kumaran	53	65650
Ross Barlow	5137	ross_barlow	90	65650
Nana Asante	5342	cllrnana	804	65650
David Lofts	4755	David_Lofts	362	65640
Nick Perry	518	nickperrylibdem	90	65640
Sarah Owen	4350	sarahowen_	53	65640
Alan Mak	5017	AlanMak4MP	52	65699
Tim Dawes	5146	nineveh_havant	63	65699
John Perry	5136	john_perry_uk	85	65699
Lisa Smart	4503	lisa_smart	90	65557
Michael Taylor	5000	marpleleaf	53	65557
Ben Samuel	4889	filosofical_140	63	65754
Andrew Dismore	457	Andrew_Dismore	53	65754
Sam Juthani	4352	SamJuthani	53	65786
Lucy Hurds	301	lucyhurds	90	65582
Adrian Baker	5161	t20racerman	85	66003
Katherine Chibah	5162	ChibahKatherine	53	66003
Richard Butler	4353	CllrRButler	53	65994
Liam Carr	4354	LiamRCarr	53	65850
Anthony Smith	4898	ajsmith_libdem	90	65814
John Bickley	5117	JohnBickleyUKIP	85	65814
Caitlin Bisknell	4064	CaitlinBisknell	53	66052
Rachel Burgin	4355	MrsBurgin	53	65724
Will Blair	4199	will_blair	52	65824
Sir Keir Starmer	5077	keir_starmer	53	65824
Lynne Featherstone	3792	LFeatherstone	90	65883
Catherine West	4357	CatherineWest1	53	65883
James Smith	4582	Floppy	1958	65717
Richard Elvin	3594	globalrichard	85	65947
Peter Kyle	4358	peterkyle	53	65691
Graham Cox	4200	CoxGraham	52	65691
Christopher Hawtree	4994	chrishawtree	63	65691
Andrew Cooper	2182	clrandrewcooper	63	65624
Nik Johnson	4359	CambridgeMagpie	53	65592
Paul Bullen	5035	pbullenUKIP	85	65592
Wes Streeting	4360	wesstreeting	53	65630
Mike Gapes	2977	MikeGapes	53	65585
Drew Hendry	4915	drewhendrysnp	102	14435
Danny Alexander	2847	dannyalexander	90	14435
Edward Mountain	5048	1edmountain	52	14435
David Ellesmere	4361	davidellesmere	53	65925
Iain McKie	5133	Iainmckie_UKIP	85	65791
Vix Lowthion	4912	vixL	63	65791
Caroline Russell	4750	highburyonfoot	63	65937
Charlie Kiss	4751	charliekiss	63	65882
Emily Thornberry	2519	EmilyThornberry	53	65882
David Herbert	5115	davidherbertst	63	66026
Bally Singh	4364	BallySingh74	53	65968
Richard Dickson	4506	richdick	90	65968
Robin McGhee	5200	RobinMcGhee	90	65939
Rhea Keehn	4366	RheaKeehn	53	66001
Cathy Jamieson	2077	CathyJamieson	53	14436
Lee Godfrey	4367	Godfrey_Lee	53	65778
Edward Davey	4507	EdwardDaveyMP	90	65778
Emma Ideson	5066	EmmaIdeson	52	65709
Mike Ross	746	cllrmikeross	90	65618
Dehenna Davison	4202	DehannaForHull	52	65618
Martin Deane	5230	martinjdeane	63	65618
Mike Whitehead	5067	MikeSWhitehead	52	65984
Angela Needham	5231	angelan1	63	65984
Claire Thomas	4504	clairethomas1	90	65984
Jo McCarron	4368	jomccarron	53	66053
Carl Cashman	4508	carlcashman	90	65869
Jeffrey M. Donaldson	1858	j_donaldson_mp	70	66132
Cat Smith	2618	cateysmith	53	65568
Richard Burgon	4369	RichardBurgon	53	65941
Aqila Choudhry	992	AqilaChoudhry	90	65866
Simon Wilson	5134	SimonFWilson1	52	65866
Fabian Hamilton	736	fabianhamilton	53	65866
Alex Sobel	4370	alexsobel	53	66068
Greg Mulholland	985	GregMulholland1	90	66068
Tim Goodall	4815	TimmoGoodall	63	66068
Andrew Pointon	4544	amp4leedswest	63	65988
Kishan Devani	5024	Kishan_Devani	52	65807
Leon Hadji-Nikolaou	5025	Leon_Leicester	52	65604
Paul Bessant	5026	PaulForWest	52	65587
Lloyd Russell-Moyle	4371	lloydrm	53	66020
Norman Baker	1289	NormanBakerMP	90	66020
Julia Fletcher	4510	julia_fletcher	90	65705
Störm Poorun	5188	stormpoorun	63	65705
Russell Jackson	4205	russellantony	52	65616
Tom Chance	4818	tom_chance	63	65616
Bim Afolami	4203	BimAfolami	52	66041
Michael Bukola	4509	MichaelBukola	90	66041
Vicky Foxcroft	4372	vickyfoxcroft	53	66041
Chris Worsey	4373	ChrisWorsey	53	66046
Lucy Rigby	4374	lucyrigby	53	65704
Nick Smith	1452	NickSmithUKIP	85	65704
Martin Dobson	4630	MartinDobsonGP	63	66066
Adam Ford	4736	neon_black1871	2269	66066
Paul Childs	4511	liverlibdems	90	66066
Louise Ellman	2159	louiseellman	53	66066
Tony Mulhearn	5334	tony1939	804	66066
Jake Morrison	4789	eijake	2	65644
Leo Evans	4918	LeoEvans94	90	65644
Peter Cranie	4632	PeterCranie	63	65644
Vaughan Williams	4960	vaughan_wms	77	66117
Matthew O’Callaghan	4836	LoughbroMatthew	53	65785
Matthew Jason Brown	4775	CllrMattBrown	53	65987
Charlotte Barnes	4512	LibDemCharlotte	90	65690
Janet Helen Phillips	5297	JanetPhGP	63	65690
Dean Russell	5039	dean_r	52	65887
Joan Plimmer	4633	JoanPlimmer	63	65896
Charles Smith	4376	charlie_rsmith	53	65901
Herbie Crossman	5322	herbieharrow	85	65901
Jasper Gerard	4513	JasperGerardLD	90	65936
Paul Hobday	4717	NHAPKent	1931	65936
Allen Simpson	4377	allen_m_simpson	53	65936
Loz Kaye	4842	LozKaye	770	66048
Lucy Powell	1570	LucyMPowell	53	66048
Kieran Turner-Dave	4634	ktd_91	63	66048
Jeff Smith	4378	JeffSmithetc	53	65819
John Leech	1554	johnleechmcr	90	65819
Lucy Bannister	4636	BanLucy	63	65819
George Hollingbery	1557	GHollingbery	52	65772
Tom McNeil	4379	mcneil_tom	53	65932
Gerald Jones	5097	gerald_jones3	53	66086
Vikki Slade	4514	vikki4mdnp	90	66061
Harry Clarke	4839	horatioharry	53	65949
Simeon Jackson	5094	Sim4MidNorfolk	63	65949
George Freeman	2827	Freeman_George	52	65949
Sandra Overend	3870	over2sandra	83	66133
Nigel Huddleston	2493	HuddlestonNigel	52	65888
Simon Clarke	5258	Simon4Boro	52	65998
Ian Baxter	1406	ianbaxter_green	130	14441
Emily Darlington	4382	emily4mk	53	65953
Andrew Pakes	3550	andrew4mk	53	66076
Siobhain McDonagh	3048	SiobhainMP	53	66038
Diana Coman	3046	dianacoman	90	66038
Ruth Jones	4383	ruth4monmouth	53	66084
Jane Dodds	4515	DoddsJane	90	66111
Amina Lone	4385	Amina_Lone	53	65633
Daniel Thomas	4563	danielplaid	77	66082
Christina Rees	4564	rees4neath	53	66082
Catrin Brock	5332	greencatrin	63	66082
Andrew Pope	4386	CllrPope	53	65556
Michael Payne	4388	MichaelPayneUK	53	65696
Robert Jenrick	5031	RobertJenrick	52	65696
Judith Bunting	4516	JudithBuntingLD	90	65862
Chinyelu Susan Onwurah	3658	chionwurah	53	66055
Catherine McKinnell	2098	catmckinnellmp	53	65664
Tony Cox	4211	TCox4Newcastle	52	65861
Paul Halliday	5021	paulhalliday	90	66094
Pippa Bartolotti	3762	pippabartolotti	63	66099
Katy Clark	2097	KatyClarkMP	53	14445
Mark Cann	3701	markcann	53	65658
Nick Harvey	639	nickharveynd	90	65658
Ricky Knight	5220	greenknight49	63	65658
Hugo Miéville	4517	hugomieville	90	65702
Andrew Muir	4588	AndrewMuirNI	103	66136
Kevan Jones	4025	kevanjonesmp	53	65745
Laetitia Glossop	4215	tishglossop	52	65745
Lucy Nethsingha	5056	LNethsingha	90	66063
Andrew Charalambous	5384	woodlandsandrew	85	66063
Huw Bell	4216	HuwBell1	52	14446
Tim Brett	4518	cllrtimbrett	90	14446
Chris York	2457	ChrisYorkUK	53	65840
Todd Foreman	4390	ToddDForeman	53	65619
Wera Hobhouse	3720	Wera_Hobhouse	90	65619
Daisy Blench	1419	daisybell87	63	65642
Sally Prentice	5120	SallyPrentice	53	65642
Ann Steward	4218	CllrAnnSteward	52	65872
Norman Lamb	643	normanlamb	90	65872
Marcus Kravis	4664	marcuskravis	90	65817
James Faulkner	4927	ukip_swindon	85	65760
Mark Dempsey	3801	dempsey4labour	53	65760
Frances Rehal	4393	Rehalfrances	53	65605
George Cunningham	4519	GFCunningham	90	65605
Martin Collins	5405	WallsendGP	63	65720
Peter Reeve	5267	PeterReeve	85	65565
Charlotte Haitham-Taylor	4220	CharlotteHT_	52	65859
Kit Malthouse	5272	kitmalthouse	52	65894
Andrew Adams	5273	_AndyAdams_	53	65894
Andy McWilliam	4822	UKIPAndyNWLeics	85	65776
Jamie McMahon	2236	JamieSMcMahon	53	65776
Brian Mathew	1251	BrianMathew4NW	90	65822
Phil Chamberlain	3728	phil4northwilts	63	65822
Simon Killane	5290	simonkillane	2	65822
Tony Clarke	4651	tonyclarkeuk	63	66059
David Mackintosh	4221	davidmackintosh	52	65910
Jessica Asato	4395	Jessica_Asato	53	65768
James Wright	5364	JamesForNorwich	90	65768
Clive Lewis	4396	labourlewis	53	65634
Simon Wright	1944	SimonWrightMP	90	65634
Lesley Grahame	4921	LesleyJGrahame	63	65634
Lisa Townsend	5361	_Lisa_Townsend	52	65634
Antonia Zenkevitch	4650	azenkevitch	63	65559
Stephen Crosby	4673	stephen_crosby1	85	65643
Victoria Fowler	4397	Victoria_Fowler	53	65663
Marcus Jones	1648	MarcusJonesMP	52	65663
Keith Kondakor	5198	greennuneaton	63	65663
Gordon Banks	2094	GordonBanksMP	53	14447
Bob Gill	4716	drbobgill	1931	65653
Richard Marbrow	2160	richardmarbrow	90	65903
Garth Harkness	4520	garthharkness	90	66022
Alistair Carmichael	1331	acarmichaelmp	90	14448
Jo Johnson	2204	JoJohnsonMP	52	65682
Idham Ramadi	4941	idhamramadi	85	65682
Nigel de Gruchy	4399	NigeldeGruchy	53	65682
Tamara Galloway	2203	TamaraGalloway	63	65682
Melanie Magee	5019	cllr_magee	52	66060
Ann Duncan	4559	ann4oxfordeast	63	66060
Andrew Smith	2208	AndrewSmithMP	53	66060
Ian Macdonald	4560	ianmacdonald91	85	66060
Mark Mann	4521	oxfordmann	90	66060
Sally Copley	4400	SallyCopley	53	65564
Layla Moran	2447	laylamoran	90	65564
Helen Salisbury	4721	HelenS_NHA	1931	65564
Nicola Blackwood	3139	nicolablackwood	52	65564
Alan Harris	4550	alharr666	85	65564
Darren Bisby-Boyd	4700	greendarrenbb	63	65649
Lisa Forbes	4402	LisaForbes_	53	65649
Luke Pollard	3562	LukePollard	53	65737
Mike Powell	2437	CllrMikePowell	90	66087
Osian Lewis	4956	osianlewis	77	66087
Christopher Wilford	4828	wilford4th	52	65917
Darren Sanders	1689	darrensandersld	90	65566
Penny Mordaunt	1692	PennyMordauntMP	52	65566
Sue Castillon	4403	eurosue	53	66014
Gerald Vernon-Jackson	4522	geraldvjuk	90	66014
Ian McCulloch	4643	green_mac	63	66014
Paul Miller	4404	Paul_Miller	53	66102
Jo Barton	4767	CllrJoBarton	90	65673
Jamie Hanley	1115	jamiehanley	53	65637
Stuart Andrew	1985	StuartAndrewMP	52	65637
Roger Tattersall	5302	RogTallbloke	85	65637
David Hough	5181	colchester1648	53	65795
Jenny Woods	4523	DrJennyWoods	90	65973
Matt Rodda	4406	mattrodda	53	65973
Rob Wilson	1040	RobWilson_RDG	52	65973
Victoria Groulef	4407	victoriagroulef	53	65982
Meri O'Connell	4524	merioconnell	90	65982
Suzie Ferguson	5304	SuzieFergusonMP	2	65982
Anna Turley	4408	annaturley	53	66032
Josh Mason	4525	Joshmasonredcar	90	66032
Jacob Young	5212	JacobForRedcar	52	66032
Rebecca Blake	4409	rebeccablake31	53	65700
Jackie Pearcey	5092	jackiepearcey	90	65579
David Hinder	5015	david4rv	53	65579
Mike Hill	4761	hill_mrh	53	65722
Chris Foote-Wood	4032	chrisasdickens	90	65722
Robin Scott	5076	robinjescott	2	65722
Andree Frieze	4613	andree_frieze	63	65598
Sachin Patel	4410	SachinPatel_87	53	65598
Robin Meltzer	1606	robinmeltzer	90	65598
Mark Reckless	793	markreckless	85	66043
Clive Gregory	5155	clivebassman	63	66043
Ian Gilbert	4412	cllriangilbert	53	65584
Sam Gould	4413	samgould91	53	66077
Ben Nicholls	4526	BenForRSN	90	65884
Darren Paffey	4414	darrenpaffey	53	65884
Charles Kennedy	3736	charles_kennedy	90	14452
Lindsay McCallum	5034	mcc_linds	52	14452
Chris Conniff	5167	chrisconniff52	53	14452
Will Straw	4415	wdjstraw	53	66019
Jane Collins	4859	JaneCollinsMEP	85	66029
Gordon Davies	5122	gordonhdavies	85	65656
Gerard Barry	4691	munsterbarry	85	65681
Michael Borio	4692	MichaelBorio	53	65681
Nick Hurd	82	nickhurdmp	52	65681
Redvers Cunningham	5240	UKIPRedvers	85	65589
David Mellen	4417	CllrDavidMellen	53	65736
Richard Mallender	1924	cllrrmallender	63	65736
Edward Reynolds	4769	RandMLibDems	90	65833
Richard Billington	5119	billingtonukip	85	65833
Arthur Pendragon	1195	druidkingarthur	2	65889
Tom Corbin	4419	1tomcorbin	53	65889
Reetendra Nath Banerji	4527	reetenbanerji	90	65889
Ian McInnes	4574	ian1mcinnes	53	65891
David Malone	4573	DavidHMalone	63	65891
Scott Wood	4678	scottwood29	52	65763
Valerie Allen	4117	valallen4sefton	52	65706
Alan Bullion	1337	AlanBullion	90	65698
Joe Otten	4897	CllrJoeOtten	90	65957
Jillian Creasy	200	GreenJillian	63	65957
Clive Betts	1074	CliveBettsMP	53	65793
Nasser Younis	4756	nasyounis	362	65601
Harry Harpham	4824	sheffharry	53	65601
Naveen Judah	4719	judahnaveen	1931	65741
Peter Garbutt	4606	PeterGarbutt	63	65741
Nick Clegg	254	nick_clegg	90	65741
Oliver Coppard	4420	olivercoppard	53	65741
Louise Haigh	4421	LouHaigh	53	65549
Léonie Mathers	4840	LeonieMathers	53	65632
Kevin Warnes	1072	kevinwarnes	63	65959
Philip Davies	835	PhilipDaviesMP	52	65959
Steve Clapcote	5165	steveclapcote	53	65959
Laura Davies	4943	LauraShrewsbury	53	65563
Christine Tinker	5093	ctinker2	90	65563
Guy Nicholson	4423	Guy_SittShepp	53	65610
Keith Nevols	3241	keith_nevols	90	65610
Richard Palmer	5084	richardpalmer58	85	65610
Malcolm Birks	5103	malcolmbirks	53	65986
Andrew Brown	4760	voteAndyBrown	63	65986
Jason Pandya-Wood	4772	jasonforlabour	53	65920
Lorely Burt	2945	LorelyBurt	90	65879
Theo Simon	4990	FromeCandidate	63	65812
Danny Kinahan	4709	ddebk	83	66137
Roisin Lynch	5390	roisinlynchsdlp	55	66137
Mike Le-Surf	4424	Mike4SBET	53	65962
Sebastian Kindersley	4768	seb4southcambs	90	65922
Heidi Allen	4227	heidiallen75	52	65922
Cheryl Pidgeon	2662	cheryl4sderbys	53	65762
Jane Burnet	5063	JaneGreenParty	63	65788
Martyn Todd	4589	martyntodd1	103	66138
Huw Jones	4427	HuwSECambLabour	53	65997
Jonathan Chatfield	891	jonathanchat	90	65997
Deborah Rennie	5295	deborahjrennie	85	65997
Phil Hutty	4529	philhutty	90	65684
Sheryll Murray	1021	sheryllmurray	52	65684
Matthew Mahabadi	5121	MattMahabadi	53	66051
Amanda Hack	4428	Hack4Labour	53	66034
Deborah Sacks	4429	deborahsacks	53	65666
Barry Cameron	5311	bncameron1	85	65666
Scott Collins	1162	ScottJonCollins	90	65902
Andrea Leadsom	2875	andrealeadsom	52	65902
Jane Basham	4431	Jane_Basham	53	65614
Grace Weaver	4530	gracelibdem	90	65614
Robert Lindsay	4648	robjlinds	63	65614
Anne Snelgrove	1988	annesnelgrove	53	65800
Talis Kimberley-Fairbourn	4928	taliskimberley	63	65800
Ian Driver	4799	ianddriver	63	65829
Russ Timpson	4531	RussT2015Thanet	90	65829
Ruth Bailey	4798	ruthbrackstoneb	2	65829
Nigel Farage	4800	nigel_farage	85	65829
Nigel Askew	5099	ekrealityp	2310	65829
Will Scobie	4432	willscobie	53	65829
Craig Mackinlay	4230	cmackinlay	52	65829
Win Scutt	4684	wscutt	63	65775
Tom Davies	4532	tompdavies	90	65775
Paul Smyth	4688	UKIP4Swaffham	85	65652
Peter Smith	3513	Socialistsmithy	53	65652
Paul Robinson	4584	PaulJRobinson	1958	65678
Dr Louise Irvine	4583	drmarielouise	1931	65678
Patrick Haveron	4533	patrickhaveron	90	65678
Royston Smith	3462	Royston_Smith	52	66016
Rowenna Davis	4435	RowennaDavis	53	66016
Jeremy Moulton	3133	Cllr_JMoulton	52	65580
Angela Mawle	4794	angelamawle	63	65580
Alan Whitehead	3111	alanwhiteheadmp	53	65580
Julian Ware-Lane	3251	warelane	53	65876
Brian Otridge	5421	BrianOtridge	85	65876
Liz Savage	4779	LizSavagelabour	53	65728
John Pugh	2232	johnpughmp	90	65728
Sandy Walkington	1165	sandywalkington	90	65715
Stephen Gilbert	1489	stephen_gilbert	90	65591
Rob Simmons	4785	cernyw	58	65854
Andrew George	2504	AndrewGeorgeLD	90	65854
Karen Howell	4718	howell_karen	1931	66067
Kate Godfrey	4439	KateVotesLabour	53	66067
Trudie McGuinness	4440	trudiemc	53	65907
Sharon Taylor	218	SharonStevenage	53	65571
Daniel Hawthorne	4534	daniel.hawthorne	90	65606
Louise Baldock	4442	louisebaldock	53	65908
Tristram Hunt	431	TristramHuntMP	53	65710
Liam Marshall-Ascough	4812	liam_ascough	52	65710
Ben Adams	4810	benpolitics	52	65783
Ruth Smeeth	3979	RuthSmeeth	53	65783
Joe Rich	4811	joerichlaw	52	65770
Pete Lowe	4443	pete4stour	53	65609
Elizabeth Adams	4535	liz4stratford	90	65648
Amna Ahmad	4536	amnajahmad	90	66042
Jonathan Bartley	4878	jon_bartley	63	66042
Neil Carmichael	2922	neil_mp	52	65858
David Drew	2919	DavidEDrew	53	65858
Rachel Smith-Lyte	4620	smithlyte	63	65607
Russell Whiting	4445	russellwhiting	53	65607
James Sandbach	888	james4suffolk	90	65607
Laween Atroshi	4446	laweenatroshi	53	65747
Ann-Marie Barker	5078	AnnMarie4SHeath	90	65747
Paul John Chapman	5141	Paul_J_Chapman	85	65747
Dave Ash	4714	DaveAsh_	1931	66040
Paul Burstow	3221	PaulBurstow	90	66040
Paul Scully	4233	scullyp	52	66040
Emily Brothers	4447	EBrothersLabour	53	66040
Marcus John Brown	4916	scukip	85	65703
Ronnie Job	5378	ronniejob	804	66118
 Tina-Louise Rothery	5202	TinaForTatton	63	65964
Neil Guild	4449	NeilGuild	53	65767
Alistair Cameron	1549	AlistairTewkes	90	65976
Manjinder Singh Kang	4771	manjinderkang87	53	65789
Paul Hodgkinson	4537	paulcotswolds	90	65789
Katrina Gilman	4450	trinagilmna	53	65977
Dinah Keal	4802	dinahkeal	90	65686
Steve Webb	4118	stevewebb1	90	65905
Tim Aker	4923	Tim_Aker	85	65919
Polly Billington	4451	thurrockpolly	53	65919
Caroline Kolek	4452	carolinekolek	53	65761
Claire Leigh	4841	ClaireLeighLab	53	65744
Thomas Tugendhat	4238	tomtugendhat	52	65744
Su Maddock	4453	sumaddock	53	65692
Adrian Sanders	1552	adriansandersmp	90	65692
Michael Sparling	2445	michaelsparling	53	65904
Paula Dolphin	4538	TWDDolphin	90	65904
Cathrine Simmons	116	cathrinesimmon3	63	65904
Nicky Williams	4696	NickyjWilliams	53	65810
Sarah Wollaston	548	drwollastonmp	52	65810
Gill Coombs	5388	CoombsGill	63	65810
Christine de León	4873	_chrisdeleon	63	66074
Turhan Ozen	5256	tozen	90	66074
Jenny Sutton	1006	jenny4tottenham	804	66074
Rik Evans	4715	evans_rik	1931	65659
Hanna Toms	4454	hanna_909	53	65659
Simon Rix	2440	cllrsimonrix	90	65659
Stephen Richardson	4787	cllrsrichardson	58	65659
Kevin Kerrigan	4946	kevin_kerrigan1	53	65660
Nick Grant	4455	Nick4Twick	53	65782
Vincent Cable	3652	vincecable	90	65782
David Simpson	1857	davidsimpsonmp	70	66140
Boris Johnson	4546	MayorofLondon	52	65613
Chris Elmore	4457	CPJElmore	53	66098
Mark Chapman	4844	Pirate_Lennon	770	65825
James Bellis	4558	jh_bellis	52	65825
Kate Hoey	2914	KateHoeyMP	53	65825
Waleed Ghani	5261	Waleed_Ghani	2380	65825
Adrian Trett	4593	Juvelad	90	65825
David Smith	3921	davidinossett	90	65733
Kris Brown	4539	Kris4Wallasey	90	65635
Ian Lavery	3057	ianlaverymp	53	65631
Tom Williams	5032	Williams4Warley	52	66079
Nick Bent	1151	NickBent	53	65916
Bob Barr	5069	CllrBobBarr	90	65916
Lynnette Kelly	379	lynnettekelly	53	65608
Sharon Hodgson	3067	SharonHodgsonMP	53	66049
Dorothy Thornhill	4540	MayorDorothy	90	65626
Matt Turmaine	4459	Turmaine	53	65626
Ian Brandon	1983	CllrIanBrandon	63	65626
Simon Tobin	5314	SimonTobinUKIP	85	66004
Solomon Curtis	5104	solomon_curtis	53	65961
Peter Griffiths	5298	PGriffithsUKIP	85	65961
Julia Tickridge	4460	JuliaTickridge	53	65769
Tessa Munt	1699	tessamunt	90	65560
Anawar Miah	4463	WHLabour	53	65740
Alexander Burnett	4246	AJABurnett	52	14455
Barry Black	4464	BarryBlackNE	53	14455
Olivia Seccombe	4247	oseccombe	52	65983
Ros Kayes	2360	Ros4Dorset	90	65716
Peter Barton	5062	peterbarton923	63	65716
Rachel Rogers	4465	DorsetRachel	53	65716
Gemma Doyle	810	GemmaWDMP	53	14456
Festus Akinbusoye	4248	fest4westham	52	66058
Paul Greenall	4914	paulvgreenall	52	65873
Daniel Lewis	4541	CllrDanLewis	90	65873
Michael Jefferys	5293	cllr_m_jefferys	53	65629
Niall Pettitt	4649	niallpettitt	63	65629
Ciaran McClean	5184	mccleangreen	305	66141
 Daniel McCrossan	5185	DANFORMP2015	55	66141
Lindsey Hall	4249	lindsey4wnorth	52	65851
Karen Buck	1311	karenpbuckmp	53	65851
Tim Farron	1316	timfarron	90	65963
John Bateson	5009	ja_bateson	53	65963
Jonathan Stanley	5398	JonMarcStanley	85	65963
Tim Taylor	4467	TimTaylorWeston	53	65742
John Penrose	1329	johnpenrosenews	52	65742
Andrew Judge	2257	Andjudge	53	65827
Shas Sheehan	2260	sheehanshas	90	65827
Jackie Porter	4542	jackielibdem	90	65921
Fiona Dent	4468	FionaDentLabour	53	65552
Margaret Greenwood	4469	MGreenwoodWW	53	65897
John Clarke	5085	JohnClarke1960	53	65831
Clive Peedell	4720	cpeedell	1931	65622
Duncan Enright	4470	DunxE	53	65622
Andy Graham	5140	andyg2439	90	65622
Chris Took	4106	christook	90	66039
Suria Photay	5011	SuriaPhotay	52	65593
Rob Marris	3818	WSW_Labour	53	65948
Joy Squires	4471	JoySquires	53	65577
Mark Jenkinson	4926	markjenk	85	65625
Hazel Thorpe	1845	hazel_thorpe	90	65562
Rob Walsh	5030	RobWalshWrexham	90	66113
John Potter	4766	johnpotterLD	90	65695
Richard Taylor	3237	DrRTaylorMBE	1931	66078
Matthew Lamb	4473	Matt4WyreForest	53	66078
Fiona Green	4829	Fiona20Green	52	65669
John Rowlands	4952	JohnRowlandsMon	77	66115
Robert McIlveen	5080	robertmcilveen	52	65965
Nick Love	5118	NickLovesYork	90	65965
James Blanchard	5058	jamesblanchard	90	66037
